a,b,x
-0.18521820956853574,-1.312805118491866,-7.087883645728109
-3.1905506346236994,-0.052274566296507174,-0.016384183259537128
-8.843160880911743,5.106535521613466,0.5774559108877113
-8.780143274724836,3.0708521865196694,0.34974966699685295
3.1784475213081027,5.699189378733667,-1.7930732977425856
0.15619240865772532,1.8125737435179552,-11.6047492902806
-1.891500548575486,1.8484504704464637,0.9772402507831975
4.18792440917715,-3.954138850649307,0.9441762707045189
9.114925594058107,-9.89735633896216,1.0858406069067759
2.521045409020884,7.258277499410418,-2.8790744797529717
4.345683633437353,5.586013910096128,-1.2854166067486363
3.7070547348976586,-8.286326643862106,2.235285755523345
-9.622862071163045,-6.325053115309311,-0.6572943754710648
-2.3657314328522165,-4.390008687993063,-1.8556665507463375
5.535803940246858,5.073025342464284,-0.9164026394760764
-8.034067167818824,-6.331032273058268,-0.788023318801439
-8.17596598102757,-3.8039459836490046,-0.465259517037633
3.051145754819963,-2.088041126752751,0.6843465683192046
4.902527309098538,5.400171499184843,-1.10150768342743
-5.334630497124245,-8.929589711127575,-1.6738909500744756
-1.3013833442007154,-7.840484830774004,-6.02473119524169
5.9430974561242405,2.3706694740297145,-0.39889459857111853
-2.405721362898589,9.163710629539075,3.809132167533303
-9.971182621831968,6.750606225541091,0.6770115924625225
-1.28768509768409,1.840323472269894,1.4291719890054857
-1.1371391896450707,8.419309498956217,7.403939267614277
-6.291319624824514,-8.876232404586379,-1.4108697274832809
6.993835127220191,-3.86845147490593,0.5531230583131442
-1.5091140322017598,-1.9336462664161616,-1.2813122303256432
5.392010388321101,3.1773159416878567,-0.5892636906949972
3.6268863734884036,6.832292615114184,-1.88379009197985
-4.554416795346825,-1.6395766219152073,-0.35999705244156327
-4.458242455889618,-6.974867589469776,-1.5644881718479753
-8.503119942526347,1.8853072149672698,0.2217194662324297
2.901874862796829,-9.689840174818967,3.339165413039173
1.1585020743172443,4.971494163818701,-4.2913122678253455
-8.128805652126971,8.84083931702985,1.087593884682994
-5.920213654201594,7.015762990067252,1.185052330854334
2.9014299369495173,9.994938086131661,-3.44483179098926
-7.431536517882922,-5.3177040843695895,-0.7155591675521342
-8.799234719053885,4.432395913915872,0.5037251596798471
2.8531578576299506,-6.856963469278048,2.403289201451322
-7.8902264742633506,-6.386306111967157,-0.8093945253407187
-7.558379415348293,0.9352960036780331,0.1237429285143837
-5.050188883999363,-8.620836441250875,-1.707032477253372
-9.089780072455277,7.265134927221897,0.7992641042259544
1.040657986785412,-6.999006477623504,6.725558796933279
8.035201161051148,9.573936891113881,-1.1914993413632768
0.3584301149550697,-5.684555914902982,15.859593482025243
-4.07460087648839,5.300472194330874,1.300856784505229
-9.134357360769174,-7.314264818220941,-0.8007421353618939
5.318503048720725,-3.0881681920859076,0.5806461261366981
4.5256499628992515,-4.431041745179551,0.9790951093223543
2.037003055024515,-4.229807559983092,2.0764856240886624
-9.681998485361326,2.4493022373697286,0.25297486268696956
7.544716054360553,4.710544794871044,-0.6243501757960171
-1.56298593260005,-3.2448399963745844,-2.0760519520330845
1.5490792548082055,3.024520973721085,-1.9524636743621984
-3.419173312090848,-3.9495578953524983,-1.1551207075073116
9.934658781241705,6.542888405639179,-0.658592162017003
3.3645330330701135,-6.0875390398184015,1.8093265781562453
-5.703219785960815,4.958918437855747,0.8694945353610151
-4.339511565773324,8.469949464564518,1.9518209218219074
-7.328070847977677,6.173988665553573,0.8425121418220738
-9.469186500700843,-7.655512815254828,-0.8084657340615501
0.04552946189501128,-6.169274549112107,135.50071299630451
-3.4783515183031426,-4.795519350403305,-1.3786758828626733
-6.397664182243153,-4.55789186244721,-0.7124306203970087
5.602953299858026,7.158761227289926,-1.2776764045974331
7.774415907895026,5.0269439908698565,-0.6466008572766123
8.714685178642668,5.711277138642481,-0.6553624166067724
2.3817834351290283,8.942490227128268,-3.7545354020164416
3.057560146787054,-1.2902121164309666,0.42197440262516095
-5.6948172828325045,3.3547764367422808,0.5890929015151251
-1.9606267093001417,1.4077174012898919,0.7179935857307512
3.6549649051061586,7.851431823721956,-2.1481551882353602
6.160026696660125,-9.116861120321449,1.4800035079822746
-1.1696683998376542,-9.785900364813587,-8.366388598830092
-7.087592820452162,3.523091111717507,0.4970786557533573
1.3567892775485646,5.220915759178622,-3.8479930860094416
-8.668333247838385,4.279908633474376,0.4937406662972554
-7.631942018414484,1.7950497281153606,0.23520222294459694
-2.8171811606282526,-5.430169545667876,-1.9275187629243222
9.333752354750139,-9.544957503239646,1.0226281071601413
3.623899840481231,-2.169219396378508,0.5985870172643759
-8.00394967275894,-2.15470146662539,-0.2692047744826299
-2.7979233628408995,-9.496731564540891,-3.3942071790337707
4.155338925311103,9.313360092762736,-2.241299749590332
1.4558416583053102,-2.179243571088647,1.496896011085039
-2.182505111069048,-8.50283846563197,-3.895907699142596
8.919818286245246,2.2360388220170258,-0.250682104753759
-0.13036393276127,3.2857284338759882,25.204275172435956
9.753869478298554,-8.432670182997155,0.8645461374851341
-4.219134897619103,6.114437230630582,1.4492158651009275
5.043748991322413,0.28152216380548545,-0.055816053552592344
9.326400178935423,-8.339550479046151,0.8941875020419812
-4.149241490520234,-2.5222836973770146,-0.607890310347005
7.773923444442424,-9.511815388274146,1.2235540337195037
-1.2691540444128542,-7.392770851287837,-5.824959455341718
-8.711588357555915,4.638817952375954,0.5324881941135934
6.629794097813708,2.0307018420003526,-0.3062993830637987
-6.673932297999608,-0.7575090565930491,-0.11350265821846874
-8.759550291174431,-3.1223871635778044,-0.3564551900254199
6.318703623720488,4.444160881893623,-0.7033342828757138
-0.042600568078940526,-7.57787901262466,-177.88211177331138
-4.94733370795978,-7.573292596712864,-1.5307826485462606
1.0272272011754886,-5.547219520876712,5.400187528648826
2.9605503583673496,-3.133898750744777,1.0585527592487984
3.247191093261584,5.869340131403096,-1.8075130051886599
7.870957072213113,-9.44791658058572,1.2003516845416113
0.28209642890803366,2.198823526214003,-7.794581217229241
-3.4012023506804523,9.305298047911144,2.735884869081519
-1.7178570328204312,-7.303527324433309,-4.251533849963143
5.307231835255944,2.656259169700588,-0.5004980472221049
9.43512869329366,7.499792997133049,-0.794879777576726
-9.87800110015482,-3.294981063846545,-0.3335675943379781
-3.9057592643843675,1.8121104918247877,0.4639585722420134
6.584457464394649,-4.9502041258646345,0.7518013674828619
-0.4313420493717999,-2.6171802917384106,-6.067528764121265
3.8519072624290533,3.3702843587886555,-0.8749650833139007
-8.079807668596343,2.98247355500423,0.36912680070296244
-4.780095268515163,9.772000713914519,2.044310869341729
-6.8700632195890705,4.015755848720353,0.5845296790384635
2.076421635812089,-7.894435426226368,3.8019423849524916
-5.453589206341942,1.649784102634575,0.30251345310645184
4.402820054787744,9.718950168909611,-2.207437516857171
7.453344970135362,-4.432920504340984,0.5947558474890338
6.6225272361565,9.032624492424787,-1.3639240988108083
-8.63012294518452,7.806104715839808,0.9045183672841531
7.278148641225684,8.041874629974608,-1.1049341015684873
4.183312187127111,-7.7872587554616235,1.8615055265118816
1.120131424842711,9.433303803211874,-8.421604459973524
-9.364107232051872,-0.038399132699439065,-0.004100672039295412
-6.407656558793482,-0.5426722271998603,-0.08469121623803785
-2.3076850706278007,-1.405253302459501,-0.6089450074213137
8.767488832426853,7.81709985733848,-0.8916007772290137
1.6527701123131049,-8.9064575844206,5.388806052376956
-2.935731273279245,-9.895716991110719,-3.3707843361484144
8.353232221646579,4.4973181325210625,-0.538392566277124
2.1494687623954185,-0.4706083740610154,0.21894171354998357
9.350988740261702,6.836001718726212,-0.7310458721111557
-0.36460332212321767,-1.5031715592802737,-4.122758812308016
-9.268303049545572,-6.712688177785163,-0.7242629143545632
8.708379463700076,4.793527483116421,-0.5504500008408814
-3.49974314087544,5.528824704531658,1.5797801387071668
9.688070509385359,8.42881558679585,-0.8700200497746584
-7.620628476495643,-5.168522008722696,-0.6782277898291464
-5.184957232440574,-3.0696319232483216,-0.5920264691948939
7.849624309402202,-6.951825247735773,0.8856252189558863
5.82508815678537,-7.805055130799159,1.3399033492235513
0.3218925201181406,4.276216506881825,-13.284609736543034
4.136933759222032,4.465217106351162,-1.079354267251034
-6.869055817247231,-0.36021577110984637,-0.05244036162952634
3.259940326741276,-6.727599357791099,2.0637185603075707
1.8770285981583452,6.466176455384552,-3.4449003396798905
-2.5174929119116722,-1.7877873231746566,-0.7101459212519055
-0.3644954963831175,4.868915277595356,13.357957302379639
7.69444679025332,2.62178514241279,-0.34073731534979845
2.2861010355409466,-8.932165917304358,3.907161485183787
-8.020814855535289,-9.611257300201723,-1.1982893849705116
2.0868095430065594,0.868574473554169,-0.41622124858734116
5.0159388901305455,4.936303938230731,-0.98412361999535
8.273057267208308,5.725702836477707,-0.69209031819138
9.730954479938628,4.75992577823077,-0.4891530207076654
2.9363659305820082,-0.5371741969044201,0.18293843805698579
7.663946544731633,-7.492632562598985,0.9776467670888945
-5.854932466675011,1.0762758406212534,0.18382378392016968
9.190979086336942,-1.368301605760676,0.14887441184527944
9.365077274132293,-4.2191029862876395,0.4505144872580407
-3.89583490329255,-3.6185995424702995,-0.9288380109259902
-2.865220923565599,-9.613581026194664,-3.3552669349598103
1.6757171544297158,-9.72546088595311,5.803760414007877
-0.34512345609369177,2.656261635737911,7.6965549250202425
3.7693246504418365,-0.4530925401867627,0.12020523096455797
-7.836847463230918,-6.987921916579463,-0.8916751218350923
-9.723577971497825,-1.8016046492263786,-0.18528206947147652
6.998592673731373,-1.696947527819713,0.2424698231387379
-6.093217102992963,7.258744599985757,1.191282778422632
-6.06083829004497,-9.606786015005637,-1.585058956412836
4.809182812949038,5.441728105673844,-1.1315286437067098
2.045591234209546,-8.246785824936717,4.031492551894624
-8.285057681556632,5.453229683544054,0.6582005694038183
-2.255227666754074,2.210833518074402,0.9803150035208783
7.455342144858626,-8.592480739077189,1.1525266811534276
-1.9148413551835155,8.091033207536384,4.225432663459972
0.8865946963657851,-4.897279626056101,5.523696054274179
-4.402171637474767,7.690240090348418,1.7469196395894724
-4.041520090377071,1.3408258195244667,0.33176275003976746
-7.56989505481741,6.64268863887456,0.8775139669402967
-5.69034077697486,1.9208213134945336,0.33755822169154764
-7.243859052156287,-9.663751736965114,-1.3340612603565907
5.770590621997876,0.7547493262803933,-0.13079238776759497
-2.117067746974448,3.163222258677047,1.4941525906280908
1.2671623358940032,-4.870379637522683,3.843532513209172
8.960119169807648,-2.2221594915720466,0.24800557330307818
6.443658201248091,-4.35265463240982,0.6754943382264971
2.1170212904043524,-6.15192826641475,2.905935946085704
7.444154397225567,6.667057151327434,-0.8956097355815514
-5.783815533825152,-0.43913011983353556,-0.07592394972927412
4.203027842177033,3.883781664765028,-0.9240437633535529
-1.348493636691984,2.562730124003565,1.9004391672846512
-4.245916514517694,2.667479092160498,0.6282457705043937
1.5254987107829994,-0.7053281251145638,0.4623590437205528
-4.341310081256255,1.1936999456038233,0.27496306950237465
2.6920391907893446,-5.309853567843101,1.9724280337412827
4.56438999455168,-0.04169500815011595,0.009134847854781367
5.239856851641269,-4.1625363940055315,0.7943988761261119
-8.28645308029306,7.173724678499745,0.8657171661974871
8.774353243425686,-9.27522547759887,1.0570836642060735
-4.726679713606243,-2.570488497270187,-0.5438254024004983
-4.060987067060207,-8.854282120663212,-2.1803275840208287
9.897886346074717,4.136817117927274,-0.4179495473362193
3.742027713282159,-4.4969966854281544,1.2017539767186296
-1.038222072445505,2.93004263903838,2.8221733257286092
-1.9149660902891803,2.402912232725141,1.2548066751209552
1.1891869246240319,-7.158120920994011,6.019340418880818
-0.19735208459568376,8.721920847922384,44.19472368782437
8.204611685255877,0.11969872715709329,-0.014589200774998073
-2.0589250033885964,-6.7095647847188395,-3.2587708506507913
1.5231744316058293,-9.78672871077466,6.425218614296759
4.699043905504851,2.9252673954704296,-0.622523954722689
-9.14310183790996,3.8775375068144378,0.42409431455056523
-9.530764060323097,0.049035358219821745,0.005144955630992655
-3.479680146722039,-7.696563993148686,-2.211859616004958
-4.725445360953342,-3.0168417723048746,-0.6384248556195848
6.317144883423904,6.0561669966596305,-0.9586873672235894
0.06068825041794845,-7.291423807110808,120.14555959178519
-2.984863422731885,-3.453141685149834,-1.156884318006537
-5.624618392050316,1.651523963702635,0.29362418009315167
2.6992158065755447,2.285458759865147,-0.8467121281290491
2.4788390743879702,-3.905952405451341,1.5757184263426731
6.940640616457181,2.174863534470754,-0.3133519879006361
-5.844682301712949,1.8355381029707267,0.31405267356153316
-2.907537154259323,1.7039175143845835,0.5860346485644982
7.197140236361655,-2.338348440041022,0.32489966337283976
-5.145631548586859,3.6486347181235033,0.7090742280460257
0.3538648108673108,-5.588740762618444,15.793434642231388
-5.646210942816719,7.038460294632372,1.246581179115689
6.77530749582623,2.9745300890033697,-0.4390251056259453
0.7859238932876078,-9.1759927246601,11.67542150458856
5.478395776080937,4.9829657441540185,-0.9095665862459223
6.8314299787251365,6.202334284230652,-0.9079115651549304
-4.213352916382139,3.974748279167466,0.9433694157717142
9.113353995026038,-4.450894177933094,0.4883925479425401
-4.787333162896985,-5.694254818316908,-1.1894419344884517
5.551911687417888,-4.8681012622083415,0.8768333389093268
1.3211172446235544,-8.12361321698238,6.149047898695139
7.530474832494914,-3.1690772484007805,0.4208336551004496
5.8763378765580825,-6.630625630266474,1.128360174236645
-6.50774365375524,8.65604369471064,1.330114422948381
-7.240487468474619,-4.035681183794035,-0.5573770000107807
-3.072220683271647,-9.712832235462894,-3.1615021304783273
-9.008072296578371,-2.340118672104314,-0.2597801832688649
-5.003689856227829,-7.976853499899354,-1.5941942304779313
-4.703116701026408,-8.43665441847582,-1.7938433074889688
-0.6069672060800375,7.182491784583082,11.833409964550812
-4.957539602215288,4.126989763511553,0.8324673315100494
0.24210446534045715,9.026390526408608,-37.28304025171667
9.16771219554586,-5.8701240494335565,0.6403041374145189
3.18886665521104,-3.968125599413124,1.2443686200953776
-4.583889561946279,9.817054557017059,2.1416429048628354
-9.010403639748999,6.5814799627866165,0.7304312021886242
-9.622056550608878,0.5008538927460631,0.052052686461749105
2.012459283042901,-9.299006942418934,4.6207180541603545
7.576360816506401,-7.585396871797481,1.001192664329211
-1.4497020400506777,8.754108741761332,6.0385572344613045
9.261953960310095,-9.23042999520434,0.9965964023098318
9.911990959793958,-1.153157472267461,0.11633964124311831
-0.8046146088645756,8.199471629661318,10.190557739477196
2.8136727050909354,-0.8058106260808611,0.286391030706188
5.962961940641318,7.454578947215378,-1.2501469942995538
3.3414966282702885,-3.332294223998664,0.9972460231760317
-2.2159747519251116,7.126032504197536,3.215755277900548
-3.849120174282268,8.56818940470778,2.2260124435593807
4.525733269003327,-7.031538438454916,1.5536793753652713
0.2048590043716345,0.20324407243648324,-0.9921168613500551
-3.282933270548627,4.700939367038242,1.4319326588848529
1.3157194955388523,-4.3069952561030656,3.2734904899612647
-2.7756420000438897,-5.635435023327744,-2.0303176790229553
-0.18222735137049995,-3.3655159735870903,-18.468775122261476
-9.364152875939759,4.922853107218366,0.5257125948752008
-9.121597705873796,9.207123186144582,1.009376151309075
4.156696869198219,4.902892533188288,-1.1795164977074697
7.528441197688206,-5.9245010326152725,0.7869492338512967
3.9557178329825113,-8.505474515020717,2.150172199872963
1.0847989135628389,7.090264116179174,-6.536016977462117
-0.41194532782038173,-4.637944655551831,-11.25864123788312
2.6826645777945206,8.311795473420222,-3.0983357152512663
3.5714894344964563,7.540725859337272,-2.111367259413561
-3.098514162883756,-4.679841043929902,-1.5103500574528343
9.274647408399876,4.551597992625894,-0.49075698430364006
4.309578291529423,-9.10014706532605,2.111609640138712
0.5411172782459683,3.5875546189535648,-6.629902173116007
9.694077653304578,-2.6531389930525773,0.27368658349339287
-1.9053029657974978,3.211012964142032,1.685303083962821
-1.3119058648801936,-0.801601256713786,-0.6110204079215624
-5.86872214503082,-1.107819304933848,-0.18876669870490695
-8.008235418018828,-7.097674520798478,-0.8862969368793088
-9.315155616985965,-4.714917614494352,-0.5061555392479768
5.403999072762549,7.2347737725004215,-1.338781460745509
6.468712765023984,4.696185198905598,-0.7259844994660519
0.33418770824081,-1.5919123550182075,4.763527549825688
8.207493231988117,-5.708103073822759,0.6954746001587715
4.70126237204401,6.740958975120773,-1.4338614698906809
7.103128963558426,2.384893865550719,-0.3357525785869962
-7.593109348675147,-5.0339095753423635,-0.6629576032933973
-0.09557398793805127,4.260721897523114,44.58035067328999
-7.95896413610321,-5.506831501528273,-0.6919030425766529
-7.414883046072472,6.195493002597235,0.8355483106208769
2.5854347370399537,8.724291342942042,-3.3744001416684077
-2.4541559049446127,5.595271966762178,2.279917080854102
-2.95880073180623,9.939357472926439,3.359252066582685
3.0672031751474016,2.121255056407536,-0.6915926123171133
8.944495305012467,0.9457953817950191,-0.10574049731626539
-9.083194025459886,-6.285161323825646,-0.6919549781947354
-8.24708121041841,0.20491020706291962,0.02484639132740196
3.8555293918763454,-0.016445337312482877,0.004265390207407946
-8.24656962164669,3.7854900326630734,0.45903814632528134
-8.484159064266436,-3.6977214920964707,-0.4358383033706342
4.19115859817153,-2.5100028060851827,0.598880416307848
-3.8539664118674644,-3.2424927649259594,-0.8413391343892872
8.292086466098912,9.894136087967812,-1.193202233046974
5.84122761986759,4.029075752892815,-0.68976523688083
3.2294336967480284,8.643606487278575,-2.676508421889108
9.932370289719533,-0.2555771819953563,0.025731741219907057
-5.052821777267898,8.45858881751542,1.6740326871550668
-7.26967458965529,7.767424520900018,1.0684693551418414
-9.217873992204204,-1.321626271001577,-0.1433764740241959
-4.867927525625076,8.971498043335409,1.8429810214118596
-3.989536283522348,2.155595275910322,0.5403122374932142
9.329828950899294,4.276643139739617,-0.4583838741574566
-5.0552699139325945,-5.252534526054928,-1.0390215785666879
-9.990676067898365,3.6844958947064743,0.368793449979361
-5.9712461468428675,4.856406128590805,0.8132985995156968
3.101547026256588,-4.4507456263324485,1.4350082680204517
-3.4734337562307687,6.447006384438335,1.8560902083920463
-8.184826194851325,-6.979998961599261,-0.8527974565898586
-8.099452655568761,9.644277620272433,1.190732019853407
-5.184765848672262,2.616519843600397,0.5046553537746449
-2.8583728353822373,-4.072741570349785,-1.4248461642006738
7.339680511038363,6.385830626924033,-0.8700420430181114
-2.1606405677075973,7.749117825417578,3.5864909421927864
1.4734555637359534,6.9956214345960355,-4.747765461524068
6.064317927892265,-1.9578345281598502,0.32284496812988195
-1.4005383348455958,-4.556135948965522,-3.2531319105005574
-7.791649629581676,-8.578801737449776,-1.1010250903582226
1.2428858881516547,-6.175934344555916,4.969027650430881
-6.5384546010396205,-5.3159291449806485,-0.8130253201016966
5.359660285414385,6.634004983607738,-1.2377659460360417
0.5337784565564281,-2.015128804329212,3.7752156902873875
-5.7161444889269175,6.393738482723187,1.1185403894371244
0.434674350529928,-4.639535908892132,10.673590248046377
-0.5300879037298127,9.837481322087438,18.558207521561613
6.509491398867851,-3.8929144150417905,0.5980366477969165
-7.234833763689896,-5.720279739691987,-0.7906580754351074
-6.363925139003335,-4.809027014910027,-0.7556699536637191
3.4696063163654483,-8.332506394754125,2.4015711394838477
3.7317139534640127,-6.5964106928372,1.7676624669246137
-1.8838794867439397,-9.71258037580144,-5.1556272278268045
7.170109730163677,-3.0194789857035413,0.4211203313947907
-3.1820475340793752,-7.854931317076293,-2.4685147638276463
-7.559115462926538,0.5781483303275827,0.0764835956221458
4.56286790252188,9.81652409052063,-2.15139344382402
-3.7641631552567034,6.681004395160734,1.774897665057537
1.9315768191327436,-2.092239158446212,1.0831767795730765
4.548430660337743,3.333434474395549,-0.7328757374412794
-5.998362238382282,-5.974718492403888,-0.9960582997427025
2.617992001248533,-6.4820597955731625,2.4759662338471
3.2042204897326343,-5.510337557528679,1.7197123528750893
-8.905240595526884,8.879681343862053,0.9971298639951772
-7.16503353285696,-0.3689895673991259,-0.0514986518495743
-0.21286181436963503,-4.457756122328389,-20.942018818779236
-4.548420208213373,-4.310777093644709,-0.9477526033897359
2.1280518729053597,-2.5143780474147697,1.1815398296574282
6.219313773744524,5.472634541944117,-0.8799418619217139
-2.4551467430537137,4.969818675903179,2.0242450639515397
6.651480752711983,5.649179711203471,-0.8493115925954011
6.472031492434169,-1.172996679090847,0.18124087938417557
-6.290650711418393,-4.6694776517875525,-0.7422884954193707
-8.129881517723877,9.215833559034493,1.133575383471843
-6.8427274026821365,-2.812717991611448,-0.41105217643317926
-0.5444783525385137,2.1131726488085683,3.8810958029026374
8.52045590861755,1.3150502705870473,-0.1543403644935257
-4.0864197152023145,4.449863433128618,1.0889394000753811
-7.759207098608611,8.116661288890523,1.0460683914914464
9.504446878839119,-8.64585325147086,0.9096640090356182
0.004553098833135039,6.681948291072139,-1467.5605639052822
2.7344326844034548,4.09878528411333,-1.4989527105537517
6.034069820783902,-9.665431591866538,1.6018097037218035
9.928719646294823,3.875206402678952,-0.39030273194641896
8.62068310264453,-3.7770607777458,0.4381393832452937
-0.5808988575593421,-2.0369920635590315,-3.506620880814766
6.773802677407545,-7.352791813867656,1.0854747567996328
-5.683365503140612,-7.276498670125237,-1.280315099583911
9.130841361460117,2.0332425247276813,-0.22267855110370074
-0.29865508277455177,7.711689200431049,25.821389439577814
-5.807302499514783,3.645975442391567,0.6278259902418031
2.2082318609459666,9.33271133162707,-4.226327631931325
7.5585765602699055,5.775294791976993,-0.7640717463038789
-9.502413848889635,-2.7363708127791035,-0.2879658638629858
-0.2104672950918296,1.1763572552580115,5.589263903186248
1.3803345581331694,1.8765253830446973,-1.359471420886977
3.523964352671152,1.3305233606335047,-0.377564364300386
7.079964099375626,-6.940537199646903,0.9803068352082437
1.682494375250677,-9.374987951267507,5.572076845648126
4.313618903911776,4.585064477828105,-1.062927574262569
3.5560120126276793,-0.42761023490856154,0.12024994105477818
-1.5346305922112968,4.34562299374711,2.83170622024768
-5.601347874902112,-9.4092059242435,-1.6798110266286457
-6.478082662084333,-1.2281463448234309,-0.18958485232238037
0.26301282107066726,3.303731338736327,-12.561103771624381
4.5145608347161055,-3.0315334247890657,0.6715012901093625
-7.0204417531955965,1.3886453604206839,0.1978002822669377
-0.37331377909913144,-0.639867793501331,-1.7140213657407424
-5.738604011704362,1.0904654607636939,0.1900227753195025
5.588616408847178,-5.135795268055716,0.9189743743953129
7.285385998543372,1.3497634252189812,-0.18526999468372035
0.8057322859944804,-9.080653101271874,11.270062350876282
-7.092237880382568,5.3435382297396785,0.7534347155106195
-7.231722644645089,-3.0022139295072003,-0.41514505976390914
3.705307344569057,5.452597573265772,-1.4715641824578338
5.25691969806166,-9.424419956823446,1.7927646793422454
-4.446430288994949,8.604176588137193,1.935075111698657
0.4724959659731027,3.3944723462670563,-7.184129793100265
1.3335015035276285,1.854049791107112,-1.390361980247065
5.487419546151189,3.436312931568832,-0.6262165490843544
-0.8654604360220759,0.13653685601951082,0.15776210019151943
7.444815923679229,0.8337725736039623,-0.11199371242370647
-9.64871223539658,-4.9571316789698265,-0.5137609618809488
6.6724688131520224,3.8919100025270694,-0.583278859970956
6.5620391066311825,-1.309709038089169,0.1995887279558666
7.800594397367963,9.007308393293862,-1.1546951340442804
1.5668994915099344,-4.335435601556479,2.76688812846487
-4.839659560279646,6.473338361464812,1.3375606860022131
-7.985794556787889,-1.9841103998494845,-0.2484549766138173
-6.860757774008985,-0.8550776933647235,-0.12463312676685145
-9.025448004601504,-0.41117666709738643,-0.04555748001514756
-9.296883170421673,-9.011526313094606,-0.9693061801362699
-3.516468954760084,6.347024244473584,1.804942493771175
-8.73332039276885,-8.640229263606592,-0.9893406946069062
-6.620961421768885,-8.478677368430805,-1.2805809954660037
8.143951179643572,8.871468226653981,-1.0893321964931337
-7.602487796151154,2.1300905885753316,0.28018336177451203
7.381346792525225,-5.190978637494492,0.7032563004289644
6.1996881717028,-6.562560583668187,1.0585307521790601
0.8860016888210982,-6.239239536215893,7.042017656329459
4.340646939656271,6.356892631197983,-1.4645034990340347
5.226866916360763,9.746629085922176,-1.8647172851128042
0.18853959412727406,6.850282087526757,-36.333387261364635
-9.82831662592092,7.466416087520912,0.7596841220834503
-1.884735454715809,-3.1846672155823335,-1.6897157675969625
-4.333357601583437,-1.9173820613721926,-0.44247030539819027
-3.213547458683605,2.72258760127926,0.8472218432381697
9.88749910470004,-3.5850488172454087,0.3625839840067595
2.495339432195294,2.0607064456829036,-0.8258220982265251
5.6598961777212935,1.671159558738033,-0.29526328862994294
-6.408608425240898,-9.480130867771832,-1.4792807172355014
-1.9973423914686919,7.155980263584031,3.582750906479321
4.871105387432609,5.588139088167132,-1.1472014345213022
8.519211704528622,0.6583595307165453,-0.07727939550634434
-3.1119607244818326,2.0530245334632973,0.6597205797978517
6.454982998070427,-2.0075827359437914,0.31101286193068417
0.6209330173102572,2.109401183501191,-3.397147719151165
8.744739487181228,7.936415477994149,-0.9075645409023347
0.7473208970889615,5.519224278990286,-7.385347178821462
6.454822199130394,0.5883698483174893,-0.09115198376753982
-6.188292631954537,1.0447512848096192,0.1688270653871196
-7.018219499233657,8.577271751175228,1.2221435582218267
5.465432382994786,4.4450049563817124,-0.8132942912644855
-5.087979028103153,0.8993468777338798,0.1767591557996584
0.623569379388961,2.830535943224124,-4.539247815532221
-3.094814249671389,8.721433618496583,2.8180798312605146
3.158041102235245,-3.6145413515410123,1.1445517124468896
-6.939288738217478,-7.930411624818969,-1.1428277340792834
-4.205570834751988,2.732207638334529,0.6496639209491887
-5.740424561495376,7.35469476506918,1.2812109428981482
6.560080480242444,-3.811685330803214,0.5810424646897538
9.71376091661265,-7.041277390745715,0.7248765386744896
-7.634617891455178,3.0217692228212165,0.3957983576628299
6.253504039630684,4.110133371416518,-0.6572528530195452
0.033505649546599514,-0.8059120397365955,24.053019435296623
-1.1461707518874409,7.25402121095707,6.328918443444496
-4.674020301602091,-5.864828501382354,-1.2547717217599792
-6.381676520467039,-9.38965200678526,-1.4713456529285325
2.9397574541442033,-4.968064194793833,1.6899571724158082
4.862524770760775,-5.925231431745274,1.2185503850540245
9.51457543182962,6.576049732119603,-0.6911553520423404
-7.1880652931924764,-0.12185010152903786,-0.016951724359604403
8.525586800884291,-6.181712564500943,0.7250776643151136
2.657176319109082,7.234883940052288,-2.722771495448994
7.446988258074576,-3.428421966403854,0.4603769802760875
-8.4305662166108,2.692676279693716,0.31939447606595134
0.35346546943802437,-1.9511130096164102,5.519953654082504
-7.568841462540599,-5.177189709969312,-0.6840134960670068
-0.7210232387422639,1.420662200441047,1.9703417644613188
-6.928798068452382,-2.734619446459698,-0.3946744326278949
-7.291115849057603,6.540603858850016,0.8970648655507795
-5.6319384676788165,7.189792559520665,1.2766106378438316
-6.870902290746987,0.3934253981818987,0.057259640951629144
-1.3701932024862078,3.2098608587486694,2.3426337635629744
1.3896204760030972,-6.304981253011757,4.537196566897525
-1.9864329807678764,6.629177547730279,3.3372268845273103
4.70063566834629,-3.610784605292996,0.7681481527291584
6.877747303880536,-5.979570882613368,0.8694083423564569
4.932333367031806,-1.4892099670829833,0.30192808479593186
7.209441983036712,8.295550366720448,-1.1506508251594603
7.159833259315839,6.9568991946930545,-0.9716565934885786
8.839925464523482,-2.9314667558034717,0.33161668246729875
0.31490111533652865,9.729380481777564,-30.896621218314728
1.1201359093358256,4.807018609595916,-4.291460142944792
5.774934666044215,0.0038105932830383438,-0.0006598504577799094
-2.164691834097347,8.57571907697363,3.961635065967536
6.891865906028531,7.371644903972886,-1.0696152543427573
0.43863047966730306,-8.276226183793183,18.868333523175632
-2.021792066304,-9.154548496884976,-4.527937689270011
0.9500148332723803,-8.74731401038927,9.207555191805424
7.428603736489926,3.398992504288671,-0.4575546932988947
-0.24574535726254965,-1.1151560591193466,-4.537851992572683
-6.035782722948682,3.628525578128043,0.6011690189462928
-1.9771895949514207,5.1002425890548615,2.57954148761347
5.81864561190509,-8.615495879598372,1.4806703233430918
-0.9775550676812905,-3.9731145792254807,-4.064338379063903
-9.239298230815367,-9.400316012052752,-1.0174274904018523
8.77204866816026,-2.0545657871197953,0.23421732651543695
8.885096825741265,8.056836257955858,-0.9067809182016082
0.5023964508548211,7.5857101361132315,-15.099052000081297
-7.532953441729102,-4.8954697867002235,-0.6498738940269522
-8.594168760664944,9.103814420443506,1.0593013325629794
4.528242126962013,9.280038788273924,-2.0493689445223815
2.111977520534829,-2.708625538703804,1.2825068033952758
9.244844189006368,2.432386713308194,-0.26310737786156524
-6.120580763740171,3.6228602190065153,0.591914453685381
0.5405166419747758,-7.723709063146897,14.289493538863764
4.211542731381181,3.19095921137629,-0.7576699121677464
-2.1847860686622678,-8.260271276373569,-3.7808146961644105
-9.529160992809981,4.6701017825026305,0.4900853061488155
2.9586259541719144,9.18071156546048,-3.103032187125546
7.215238365838136,5.906212661507279,-0.8185748497889304
5.5072738755777255,0.8631510507250759,-0.15672927663045075
7.5845233392652744,0.7890949487887582,-0.1040401503814476
-2.760466258004419,-8.04012021962432,-2.9125949995985967
-0.44830164488545776,-8.37228082533519,-18.67555232253125
-7.2769457773423785,-9.573399205669508,-1.315579296396217
3.6041878477854326,0.35536642067596347,-0.09859819623283948
-3.6437058571440524,-1.07779515541427,-0.2957964220138914
7.127223358706587,6.395291011478733,-0.8973046991246979
-5.9546068184112055,7.685872878475074,1.2907439756913792
-5.4398532815823515,8.326456914262547,1.5306399792901282
4.939651517718463,-8.666497024062023,1.754475390212329
6.005396203511083,2.08981903611242,-0.34799020169403605
-1.5384737507550987,7.612705574330491,4.948219344395117
5.942656937347898,6.410381453198408,-1.0787062959853857
-7.584262236314913,7.326317968269361,0.9659895372801767
0.7803593621433684,8.433366409076314,-10.807029194745441
-5.120354427003004,-8.189564557463688,-1.5994136097834781
-2.2302263192089615,-5.709939054461266,-2.5602509508929674
-6.029230814923583,8.060192047846076,1.3368524601671323
5.531840108847101,8.691776461955925,-1.5712269861262116
-7.509353949684319,1.325755996245734,0.17654727758590558
-4.997756044117747,3.34763805616371,0.6698282242295138
6.218878956432821,0.4810118910705068,-0.07734704187688797
0.06516602998510024,3.900065787122184,-59.84814155494676
9.262927808229204,-8.406144103712304,0.9075040071287469
1.0246209395501165,7.062938760926887,-6.893221178973791
4.020645328178208,-4.962012111321772,1.234133256307416
-1.342886896409535,-8.618236151878154,-6.417693236057822
3.8362955444866653,-0.2693759804982463,0.07021773410689908
-9.718000407171782,1.5646142628683268,0.16100166673317465
-9.208139546005219,-1.6246870646604954,-0.1764403174542827
1.9801054153610114,-5.34485141238296,2.6992761955597655
1.2186723422818435,-9.730797113880481,7.984752567421466
5.128192039656378,1.2918730220739523,-0.25191588226101536
9.322795154775182,0.7144915601074047,-0.07663919975131477
2.012275562836919,0.5931659925597437,-0.2947737394989255
7.4343815516522795,-0.09725157548324503,0.013081326914359275
-2.39321848795848,8.330208061345257,3.4807553523670496
4.949644336773369,-9.43203640725809,1.9055988199359701
-3.5228304112175675,1.088442195271801,0.3089680933280043
-5.555506935330237,-8.884616857787453,-1.599245030419411
-8.203229858138396,-0.44778606888439754,-0.05458655634769889
4.322861840274255,6.271757764116078,-1.4508346544145345
-9.557204895957994,-6.754287442635237,-0.7067220506585362
6.764265534274966,-6.085453102399947,0.899647281964992
9.43240201571745,-2.578073286186193,0.2733209718892689
6.473809589502547,2.347778425143849,-0.3626579362097448
8.58238394937549,-7.787975631899275,0.9074373365067149
-9.050618102750722,9.692286520714749,1.0708977454002846
-5.620248022357357,1.2567709662989035,0.22361485850792817
-5.1454260575183985,-6.552565145219555,-1.2734737749549567
2.6230495856818354,-0.5347376512857771,0.20386105325827358
6.510651687576566,1.9749203776163107,-0.3033368197817733
3.048087207656547,-0.6078295346664149,0.199413433165428
-8.134010611263943,-4.488753013912186,-0.551849908788683
-2.8860722037981823,0.29996400280350066,0.10393503059581685
3.086583007069251,6.3079744102583035,-2.043675610152407
-3.469653999666498,-5.8919616147348,-1.6981409717802216
-8.448315303940241,0.3699959329386857,0.04379523249636788
-8.11985166434496,-1.0079327419908815,-0.12413191566254958
5.010693498773142,-7.779345899943082,1.5525487443699837
1.350141165504466,9.05307387883476,-6.705279499756734
9.404290360857853,7.191267221374584,-0.764679411782709
7.773868048138187,-7.548806227338969,0.971048927071367
1.9838841693230762,3.53090861731002,-1.779795752145553
-3.1785245224583036,-4.215502345955297,-1.3262450285250542
-4.150664873387246,-6.120703739026547,-1.4746321193673257
-4.53308820603707,-1.4097246943235575,-0.31098549824071725
-9.0315044174508,-9.31109375863927,-1.0309571172492862
-7.433747823110924,-1.5054044764348102,-0.20250948946030006
-4.820504660559386,7.438104313874302,1.5430136132284458
7.013253467467038,-7.097523945224713,1.0120158893655544
-7.72949420285407,-3.628342597135738,-0.4694152685690603
5.421997276606925,-8.684887235067196,1.6017874580162423
3.997772070092985,3.9983994706302113,-1.0001569375457695
4.159970540662458,-1.6228090785479647,0.39010109871824694
-8.288581148281084,-0.8592339191922598,-0.10366477733893585
4.9505966059633,8.711508148825178,-1.7596885470998844
2.2687131644528975,-6.812183761458124,3.002664183464942
7.976081575301773,8.111603243804431,-1.0169910083319993
2.5232045921897406,-9.422116081942185,3.734186324449135
1.4898248465413229,7.885015721264018,-5.292579016633627
-6.901898423291744,9.613511629830402,1.3928793268512636
-1.8039558674035874,4.060358795863493,2.250808275984889
5.99496054818985,-7.661564581265221,1.2780008341470395
-1.0093954068983013,2.1338646952053075,2.1140027789132776
-1.5890228465901561,-7.74622706856862,-4.8748368125675805
2.586977648128233,-6.42391779114984,2.4831748336897173
-6.746533786618027,5.744750877148139,0.8515114663092687
0.6515212292083952,-9.217673981522507,14.147925759413969
-9.422585677646829,-1.5614020239455488,-0.16570844536332083
7.626922789158876,8.881617211056035,-1.1645086041359456
-9.526159827148195,1.2483548144367838,0.13104491600898305
-9.604443739399194,2.934944705740616,0.305581956162743
2.017189826710572,3.396426347220313,-1.6837415607825363
-2.6991030991670595,2.268370844627068,0.8404165240398134
9.788108528935084,1.1460081161296358,-0.11708167239276801
-4.456806613125199,-0.2202752469701288,-0.04942445703644016
9.952939916423276,-6.801690831692559,0.6833850991573994
1.5486131534175307,-8.08447151963213,5.220459029287625
5.735012196121625,7.573831557685104,-1.3206304186775755
4.241303306471904,9.588957295035673,-2.260851583145129
1.4935835533025035,-7.690745260347301,5.149189841667768
1.1438499803986364,-8.298555252807285,7.254933247378475
-6.327674878276306,-7.614617199680915,-1.2033831298480335
4.299130089017062,2.7253675024284814,-0.6339346439855231
-5.412036423538417,7.318033834366041,1.3521774913668214
7.292453806744671,-4.334198247347418,0.5943401716633143
-1.142271349984565,-6.238985135774426,-5.4619115990773395
9.458233965866619,0.15916892857351428,-0.01682860977513684
-1.7245388413767593,2.5304256235927447,1.4673056720326565
-7.728095608687688,-5.821357197739867,-0.753271891615274
7.581111877174177,4.401209700285243,-0.5805493668464068
0.8845501203179502,9.413882677326693,-10.64256559474876
1.8229193553180352,6.783605796224997,-3.7212868339101575
0.6668957203066377,0.26899672528907637,-0.40335650252095195
1.7869315404764698,1.8177968542360858,-1.0172728014814636
-7.169618496110754,7.548434372564831,1.0528362669031233
1.01194770098191,-9.524291041033038,9.411841176961474
-1.101838900650323,1.6411433273038423,1.4894585100736715
-5.087422128791069,6.875946335022004,1.351558050610584
-9.597355254013868,-9.413521519367611,-0.9808453756497789
-2.4852661662432336,0.918207752582834,0.3694605290389524
9.527449928519719,-4.643886533720469,0.48742177272633436
-0.7020894320081457,-4.658230463170103,-6.634810681947507
4.536430819309398,-3.1642352981296646,0.6975164890999861
-7.6029300927995935,9.909414184064481,1.3033677888804027
-2.7311899250186737,-6.641455549959046,-2.431707692358171
1.5691822089157768,-2.0775327650062003,1.3239589087883346
5.876823298984704,-3.100888693558021,0.5276470868357978
5.402644985503144,-4.6757797762924085,0.8654612303490004
3.522036431941098,-3.63855459602801,1.033082611818043
7.442816583625955,6.64540568150041,-0.8928616749901062
-3.678221663164929,-4.533852072192099,-1.232620675799876
-4.686290798143133,5.266205284109692,1.1237470124978886
6.022757737356859,1.2990416001541298,-0.21568883504921219
-4.2216581576906576,-4.38741668791629,-1.039263844687109
2.6545424482051025,2.351303298796143,-0.8857659444798113
0.38691601072864046,-5.521723556142102,14.271116736016142
-2.8841097154012107,1.1842838162297102,0.4106237047452141
7.057161305779292,-0.7887527469590871,0.11176629140007854
-7.0977603639498525,-3.945069195515636,-0.5558188771141089
-6.569241462500455,-2.9431389065107316,-0.4480180738234704
2.4019340192842407,5.112495364462227,-2.1284911756176026
-2.694741424279796,0.5669215379309485,0.21038068173181607
-1.7145051868485233,2.035063403511426,1.1869683563058384
2.7687184093948822,-4.795528266101574,1.7320390003653934
2.3791475352662026,-9.273828929662793,3.89796294353185
2.6767963202127376,-7.997561084487792,2.9877361322180045
-8.421435185103585,-2.158384451100545,-0.2562965104710946
-1.0005726347452324,1.2121001558356213,1.2114064624046492
9.875164419366623,2.780934530322055,-0.2816089345174082
2.8855407366797508,-3.644079393328523,1.2628757400672102
-4.597298453937371,-7.765824552175755,-1.6892147921187692
-7.504496645834495,-8.040923742036865,-1.0714807563409499
-0.01658466050317209,-2.086815842248553,-125.82807117754479
-6.158949820528239,-3.6996081104195184,-0.600688139735844
9.910719113784957,3.939352920779559,-0.3974840650362352
-3.0856375482078002,-2.271362910088226,-0.7361081379786419
6.263450322993805,9.208961351258019,-1.4702697197822299
0.8101376267837619,-4.754654853121698,5.86894707260744
4.079245215412882,1.5915856250714242,-0.39016669531359155
-6.334497914611612,3.277573986994959,0.5174165389548347
-5.020473761834269,-1.6409267693914114,-0.32684699636631226
-2.744238369310878,-8.732143624491828,-3.181991667394625
3.2470401141175316,-9.680390863948672,2.9812969731603
-8.395594586637065,6.57143135954523,0.7827237596732834
-7.383789058182748,-3.9621563217618183,-0.5366020468002047
-5.495548720547269,-0.8037027934064529,-0.14624614106349274
-3.1490238514074065,-2.209978694764967,-0.7017980171148122
1.4424648326792688,-1.7279631656667522,1.197923946927144
-8.348532538509176,-0.18669983438549664,-0.022363191797397753
-7.290011395709291,3.5646377556568947,0.48897560815267677
1.7975791622707504,-8.575382361963836,4.7705172278094174
3.421254819812493,8.559874835712115,-2.501969390336512
-1.290359734438569,-7.912053946767577,-6.131665252411246
-5.748812915254273,-0.0161471693025117,-0.0028087832289107463
-3.4056824580852236,-8.921240916160496,-2.619516360070834
-9.203013096996948,-9.054410794127731,-0.9838528641323234
3.8712397277823563,6.747371983290201,-1.7429486308654514
-5.8486077165092425,-3.776774567029861,-0.6457561782386115
-9.105556254489048,4.968949583404205,0.5457052204750817
0.9504555427450327,2.949944881043315,-3.1037168477375707
-8.93301021791855,8.798739744020665,0.984969179411823
-2.666389941442569,-0.0064323853177405965,-0.002412394833090523
1.4076899045926279,-5.88945975327446,4.183776365845867
1.3061633911753372,-1.30314966030285,0.9976926846267102
5.7229394952774655,-4.556905982498973,0.7962526925645997
4.213717257314498,3.7135035927997464,-0.8812892194780175
-0.23170561483947338,7.567842234373813,32.66145380040465
1.3464457382237995,7.790533844517341,-5.785999111107467
5.28854848404098,4.4480540060212785,-0.8410727479277113
-7.124482716733946,5.535556881424773,0.7769766734675189
3.513418800975746,9.013883263315332,-2.5655590107310857
7.79717171550924,-9.543871956528472,1.2240171570859335
9.494811020426791,-4.749626845300236,0.5002339525328162
-3.119147351207263,-1.591029636030715,-0.5100847946202055
1.036585756982138,-8.144379928150512,7.856928260196858
-6.477752552195312,-2.1744191720313344,-0.33567493579149194
9.218994343996354,-0.9149143201103289,0.09924231276984617
-0.022576324517507018,-8.305551733978152,-367.8876837342383
-5.069238233266984,0.9259279214342016,0.1826562254182058
0.9975145481293737,-4.1950339956044385,4.2054865299672395
-8.427029380319414,8.306439112725556,0.985690062043039
-0.48901894210649033,-4.322905723660235,-8.839955575215459
-3.78908577129057,-1.2204653441814628,-0.3221002156849487
-0.4619251912302307,-3.251904537538781,-7.0398943363060305
8.700656708550657,-6.018854382287859,0.6917701253944165
-4.315353054251688,-7.19705103534184,-1.6677780345807323
-0.22228732377518767,5.635553089358826,25.352561691994612
-5.306202198297552,8.385424448998847,1.5803062408155568
9.72298809804737,1.575674325214635,-0.16205659302730932
-2.9928821092350244,-3.831252150404869,-1.280121304672482
-3.3313913767501706,7.859189942146202,2.359131381859125
-2.7777454060138567,-2.767376244867224,-0.9962670584841277
3.6455863744440613,3.755596524959717,-1.0301762567708828
2.434569477734483,1.373966723156876,-0.5643571628259452
5.740815854125714,7.431754924591679,-1.2945468228615538
-9.987813925537976,-5.8918428828065394,-0.5899031486501373
-0.18845894948572095,-1.931049072712888,-10.24652359562897
7.720030498539522,1.5806300180390807,-0.20474401213027651
9.765349158852143,6.028844795272896,-0.6173711453837611
5.5480745982053765,-4.549107623480362,0.8199434854303963
1.2890501540978239,-9.436385650925146,7.320417767243085
1.5565426052636653,5.394081547412551,-3.4654249290521917
-1.2386505474754799,-9.161851963850719,-7.3966398210727675
-6.851396643537779,-0.19186833875495957,-0.028004266682754287
9.767105876761125,-6.593625000182901,0.6750848289533866
7.215214301502854,-0.40875006405291003,0.05665113286625065
-8.623166699352947,-2.7777658954580975,-0.3221282844580207
-8.210777423028496,5.480943392655282,0.6675303823585647
9.29623512791252,7.466177007199487,-0.8031398630163548
-4.529294987787294,2.0664643637409412,0.45624415484372666
-2.01660370566999,1.8839178523737932,0.9342033078075132
7.552287207459905,-3.6052173919733495,0.4773676229384169
7.852856587725782,-5.09309644472898,0.6485660839253861
-3.712306564203123,6.064944404456188,1.633740182704463
-6.07478553373986,5.917471515197173,0.9741037740889861
-8.76586231262337,2.5262447165461825,0.28819123851720074
-2.0161903055105075,-3.054382251359476,-1.5149275557031776
4.017283494279978,6.2226526518482075,-1.5489702583122031
-7.65759902957345,-7.48923088449803,-0.9780129327188345
-6.698565851136262,-7.955545032499862,-1.1876489996960142
-3.959248447495069,-1.6540899942238632,-0.4177787820489947
-9.770082756156608,7.282148759403469,0.7453517990740284
-0.49739213208497723,-2.157882857803239,-4.3383936307110185
-4.714785030389345,2.1285711326109045,0.4514672713371044
-8.16351848545266,8.013013268156467,0.9815636826737892
2.8507162882033263,9.827194877694499,-3.4472721534446777
8.693143846870907,6.078118845579908,-0.699185352577333
8.510750985600176,-7.917976784095031,0.9303499535460392
3.2518691615295445,9.287484596669309,-2.8560449806968435
-3.785310903550192,8.007834141961506,2.115502357930776
-8.533947985151817,-4.649721409767036,-0.5448499824298283
9.264150339195293,6.506052014921643,-0.7022826461910348
-2.506370443002181,6.588790517646842,2.6288175142037886
2.7121325422085025,-4.449795197273227,1.6406997549056868
-0.1396933380251415,-1.0257081993573145,-7.3425706183118855
0.3193661054074166,8.398596623690807,-26.297708120831057
1.2601045049808803,4.238909696647447,-3.3639350386353586
3.7068661618460688,-7.033466801913919,1.8974159019572368
0.735110687691396,2.728782713302145,-3.7120705207971416
-8.020057713523087,-2.270028203983321,-0.2830438738808193
-9.734685792489122,3.195943635508293,0.32830475514414137
9.260758710482179,0.4576709478761778,-0.04942045918528724
2.070025660921237,-8.918388053201925,4.308346616936582
8.433372394300765,9.376452419268894,-1.111827152991069
-3.8490624087722747,-5.686659366560287,-1.4774141758782615
-2.8571218741059567,5.115693495934394,1.7905058731648205
8.65223698603301,-7.394103557425962,0.8545886537044689
9.517689184426203,-3.074039416966688,0.3229816983303825
-6.076433550992628,8.060931849894782,1.3265893195817096
9.232544842426108,-3.2957315552269577,0.35696891934736735
7.78078115502586,-7.87881097123643,1.012598968439981
3.255902267056678,-5.817082863265166,1.7866269888143125
-3.1503669179251004,9.88321920964643,3.137164485004093
5.814336619115178,-0.018219684048364826,0.0031335791581907904
1.0613672095713191,9.83288546797419,-9.264357688179988
-0.8346328763411712,9.37693297505578,11.234799443992655
8.163520741151586,7.155440981795508,-0.8765140934505822
4.937165335805634,-6.15910902586025,1.2474990418475063
7.883988914869597,-4.185763573566192,0.530919515332097
6.853890288461869,-8.835848269951915,1.2891727031036022
1.7761923750068576,-5.244576881363523,2.9527076881766674
-4.752748307904133,0.9360583414360146,0.19695095990656356
-7.825440403702782,2.300590009851625,0.29398856692628433
0.3811829376537901,4.540144132639785,-11.910669875689392
0.539158501040724,6.170571213653531,-11.444818549169925
7.148183695191278,6.573635133136264,-0.9196231397296737
-1.5386097694388923,1.371983303935302,0.8917032318309298
0.06798432229245677,1.2896607486947875,-18.969972858549514
-7.9579148181789865,4.1704887411186,0.5240680299306012
-7.122514563731981,2.113094707901073,0.29667818703537696
-5.507671212707532,-2.0198729615225597,-0.3667381155327906
0.42846342305389307,-2.011548196111974,4.694795606529421
3.855070759557142,-7.611115472137153,1.9743127809699381
-5.566468589559279,-8.045143109103762,-1.445286716284288
-9.447779054810642,0.10243463396539632,0.010842191944914124
6.319868041889169,8.607392206497483,-1.3619575835201323
9.016604418546308,-8.718376921284703,0.9669246333300173
4.3282230180226655,-1.74841838836592,0.40395755511800757
-5.240675631824436,1.7729475266752424,0.33830514445673227
3.638182357855232,-6.4066379655738075,1.760944706837242
5.38971642559947,-5.045636448375808,0.9361599108277032
4.278956349938332,-1.519829528136043,0.35518696706451486
3.5993060468683087,-3.6992873443715846,1.0277779372471723
-3.1113850477584393,-8.890599175850367,-2.857440991514533
-3.838929087035357,0.08203899091616051,0.021370280371476143
7.771727938699392,4.319761457207738,-0.5558302466684977
4.1814473663074665,0.16380324753520092,-0.03917381547238069
1.0771066060386847,-0.08758582863280395,0.08131584017938728
-8.199510786184522,-3.5889934858178645,-0.4377082461876888
9.062373443534565,9.402165037688224,-1.0374947684809965
7.8257722282471605,3.417946519735972,-0.43675517508660405
5.346566427958715,2.110065223327698,-0.3946580018708021
-1.9459407129338615,1.1168826013404285,0.5739551024946303
-1.2536605126419182,-6.841603741699771,-5.457301775647401
-9.275664931230835,9.730405515874622,1.0490251198178464
7.759788986442995,-0.3712686018848075,0.04784519302437798
-0.0963300040100794,3.0154297098966705,31.30312036093296
-3.163968206970438,-2.9794657087579335,-0.9416863615108291
9.69432796408919,-7.404964385430262,0.7638450455627822
4.364368418510892,-1.1043643322883554,0.25304104199919053
5.084435173287892,2.1853672948624148,-0.4298151555444514
9.97248158972981,8.971116516676258,-0.8995871725564466
6.403791882551335,1.3253796747180786,-0.20696794946278516
-7.228051774373496,-7.414034379419787,-1.0257306686299175
-8.646090845524807,-1.2544760303446107,-0.14509170129688426
-3.793946520618194,-9.511276599733744,-2.506961167756249
8.892754768476493,-0.2067586442878877,0.023250235688587372
-2.837783177965445,9.63832990354543,3.3964292897301798
-2.674137446784595,-3.1024860572954127,-1.160181972331253
-4.266527555812605,-5.5880118483145225,-1.3097329796221666
-5.197018727007949,6.198298246218226,1.1926642122736275
5.3083426129530515,8.847913931318978,-1.6667940591718606
3.5262950049957897,8.069241967668304,-2.288305985811286
-3.2980691422035546,1.86704795487511,0.5661033393701596
9.80803294454401,2.5088648524266315,-0.25579694385327867
1.861657284415477,-3.7585244231875103,2.0189131773346842
-3.4551220541432865,3.1720989666536408,0.9180859364576565
-4.73111181432796,8.079078032359252,1.7076489310381815
-5.772112192956385,-5.7004656372853635,-0.9875874630852722
-4.5925419329306365,2.0273943316819842,0.44145363532657916
7.156538809795258,-6.647026274814973,0.9288046151188466
5.439646211431013,4.23756355097569,-0.7790145509961226
9.879236320794227,0.7089235193168442,-0.0717589392840692
-2.0497126957942307,8.809204090437458,4.29777505331011
-4.286098338934863,4.679956840431906,1.0918920823442704
-8.898647830099193,-9.784203497365663,-1.099515756120961
-4.751486089232122,9.16550530944804,1.9289765638205327
-0.8730141508238418,-3.8037975000607016,-4.357085731624341
-6.411343006560513,0.9487687022072073,0.1479828331187965
7.82785628195095,-2.2128617134021393,0.2826906414345441
7.824107347488898,3.834878109770873,-0.4901361828837452
1.0306245043833009,6.454168239761028,-6.262385779021464
-8.44184069753819,4.443104884654826,0.5263194419139565
-7.733438308042093,3.4904810560169217,0.4513491822113755
-5.7520351384334845,7.341674387636765,1.27636118537972
-6.789502722828278,1.1756160318069426,0.1731520082986609
-4.802742476388271,-3.535447918211105,-0.7361310616991088
-1.2452941469592194,7.63226964824165,6.128889039491799
4.530954349108081,7.102307759383759,-1.567508125695826
-8.802517228709071,-2.900422938183591,-0.3294992628613067
1.9010846999112587,-7.2817360923605445,3.830305978844841
9.441837848957594,0.09909524150879534,-0.010495333969300875
2.6724844605162197,8.401216003681927,-3.1435977001187654
7.234232295168013,2.8516630998993886,-0.3941901481106862
1.2560456222626986,1.6108701925080346,-1.2824933775941505
-3.9119397017176443,2.570898619494537,0.6571928034488144
-0.7089516471860478,-9.538578924959358,-13.454484467057288
-6.713580829388741,-8.7773204174199,-1.307397742051027
4.026945514971864,-5.780867609631044,1.4355465173636537
-8.621668512578085,-1.2355634832427516,-0.14330909167293984
-6.565483811237877,7.37975069042982,1.1240223725475027
-4.124330531003542,-9.736701726701884,-2.360795686356575
8.674098959003057,5.719316931990839,-0.6593557393133752
3.689266265017416,-4.609973371443639,1.2495637452781891
-5.648774070786073,-0.8855917198256797,-0.15677591433612467
9.549949262285857,-3.903057255021725,0.40869926612442514
-9.379093977702773,-2.353242491230036,-0.25090296534233225
-9.75074507077151,0.21999016023432816,0.022561369273591505
5.824580008660888,-1.4537915342381424,0.24959594203812463
-5.941369458124177,-8.213818165017212,-1.3824789424239068
-9.950018422546421,-2.7749502259372356,-0.2788889535771399
4.771972583313861,3.4740048979883795,-0.7280018561162568
0.9092420965130916,4.737326924888441,-5.210193130142024
9.84912220609175,-1.352161846836978,0.13728754893513828
6.3350377961790585,2.564680098155474,-0.4048405361847006
8.108023553613844,4.584102336517013,-0.5653785174901007
5.594183549314577,-6.318919161350697,1.129551632628307
-4.252673986817419,-8.56605975866293,-2.014276143719526
-9.984276415831122,3.5108551275156863,0.3516384143721077
1.3640982010599707,-3.1531386086323714,2.3115187793534435
2.461721336196291,-3.925585761658419,1.5946507445574674
9.736027557805699,-3.8380704357430684,0.3942131853012227
0.1110901909914368,-7.633352467494133,68.71310958572874
5.623575611633431,3.1409327797015223,-0.5585294831288314
-4.024125007531132,1.244617513862508,0.3092889787303356
-5.843476906727252,7.466360788252025,1.277725728607987
9.047981451194772,-8.211433990788358,0.9075431945877884
-7.6482951325201665,-2.7239392401753975,-0.35614985993327386
2.2608798664812912,7.4255958052815245,-3.2843831799158405
-6.469721561282659,-3.448918004779098,-0.5330860025597964
-1.1010619225711125,-2.0544297305664667,-1.8658621176991803
2.8370887283333435,4.343055344598135,-1.5308140705029962
7.675986318946869,2.6798482533067496,-0.3491210304390459
8.174944383968501,-6.556657816520151,0.802043109844038
4.123250234573938,-2.9041703080767878,0.7043400576867682
-0.35997891939686966,0.05472964663298541,0.15203569899227085
6.371886979211151,-9.062218527000486,1.422218968504429
7.245944804536254,-0.432961266750711,0.05975221705796872
5.406142195076654,9.585813781705518,-1.773133860673378
-7.592172991361235,-1.0303877994856911,-0.13571711296069247
-7.278346648984797,8.40897411421411,1.1553412498409945
-5.668390442510871,9.452999737150087,1.6676691263636356
8.853493546632773,0.19822261594303292,-0.022389197540943873
1.8504300759756926,-3.859944563232533,2.085971587549595
1.008646520203273,-0.3359390223276364,0.33305921906113795
5.651737623202457,-9.394530186034551,1.662237494441808
-5.564435918293831,7.199191924517418,1.293786473638614
3.9566366284802186,-4.5174585210585105,1.1417420767278568
0.9570256199699951,-6.109683080175705,6.384032937767389
6.8649136089144775,9.887848769361717,-1.4403456959053043
8.91296012041905,-7.478959162417061,0.839110582945751
-7.947340425691758,7.85364632479363,0.98821063451677
-0.011873248522251245,1.6934195347383003,142.62478643184477
-2.1704231075952274,-8.944456516602875,-4.121065835183215
8.257293499698925,2.162742777874403,-0.26191908740476044
0.6498931841169036,5.871945326579848,-9.035246822227936
9.037665927840347,-4.640126410361319,0.513420881830507
9.694126007868988,3.540876809438826,-0.3652600354652497
3.403434304199619,-1.9679739516540184,0.5782318022785587
2.947154616494025,-3.9697355707837856,1.3469722791491126
1.2527607725903316,-2.9888526003188565,2.3858127311400485
8.823047633676445,1.1796506208774726,-0.13370103731219776
-1.894466019521131,2.487749703891504,1.313166706743222
0.860970001618691,-8.627585338125055,10.020773455410199
-4.660985365556945,4.3219090300003415,0.9272522205149454
5.137041738696643,-5.170473049656854,1.0065078916350585
9.376904657867364,-9.16835310172317,0.9777590192335788
-6.699490993586941,-5.376997450500356,-0.8025979071615238
7.256797486276195,8.453976797571833,-1.164973504298515
6.496466986004133,-1.5555259443309808,0.23944183010275844
8.002283491242512,5.959184398310832,-0.7446854894396588
-1.8684541678995625,-4.739353878606742,-2.536510640737056
8.783504495422555,-7.49438882880354,0.8532344729497405
-7.922531292003622,6.644892039997671,0.8387334546351999
-1.0338940588656076,6.576550649926574,6.360952162876717
8.455657366650147,3.3822236197526117,-0.3999953490419796
0.9568447860587526,7.336430980026574,-7.667315626231671
8.657606958078684,7.26389919079714,-0.8390192839626391
-1.3450742650624985,9.514165981599486,7.073338795280135
6.580394403193434,0.11702184213972444,-0.01778340855723394
4.595266148046145,0.8074359728818834,-0.17571038256950494
8.824929778546043,0.34997690104244406,-0.03965775477253766
-9.397106214981255,-0.4613769432422181,-0.04909776825834659
-9.567096716255987,4.180774165956848,0.43699507697597134
-8.581662139317203,1.1513975765165547,0.13416953007755736
5.831809557709061,-1.4557115154249374,0.24961574979769946
-8.280647528889846,5.788219051513499,0.6990056069068674
7.415996875985332,4.689300379826001,-0.6323223240574726
-8.414807824706834,-2.474454524606317,-0.2940595407706207
